Year,Country,Sex,Prevalence
1990,India,Women,0.0118067395334367
1991,India,Women,0.012869211304147
1992,India,Women,0.0140099305218204
1993,India,Women,0.0152289200654468
1994,India,Women,0.0165341158629991
1995,India,Women,0.017932018210536
1996,India,Women,0.0194328451898298
1997,India,Women,0.0210509662231947
1998,India,Women,0.0227945949010644
1999,India,Women,0.0246534169503091
2000,India,Women,0.0266165734330618
2001,India,Women,0.0286705681077972
2002,India,Women,0.0308175332677626
2003,India,Women,0.0330526217031369
2004,India,Women,0.0353670341570082
2005,India,Women,0.0377474226738335
2006,India,Women,0.0402120021136005
2007,India,Women,0.0427834786550669
2008,India,Women,0.0454658752342197
2009,India,Women,0.0482450451990542
2010,India,Women,0.0511082428018791
2011,India,Women,0.0540726558550618
2012,India,Women,0.0571782294132626
2013,India,Women,0.0604686098039072
2014,India,Women,0.0639419251907284
2015,India,Women,0.0676554074286082
2016,India,Women,0.0715816261282675
2017,India,Women,0.0756772717770372
2018,India,Women,0.0798806298643523
2019,India,Women,0.084178287811747
2020,India,Women,0.088584891030634
2021,India,Women,0.0931224067279773
2022,India,Women,0.0977950151366311
1990,United States of America,Women,0.211712021262511
1991,United States of America,Women,0.219831740330727
1992,United States of America,Women,0.228022725226706
1993,United States of America,Women,0.23631117548083
1994,United States of America,Women,0.244714922069458
1995,United States of America,Women,0.253231682089477
1996,United States of America,Women,0.261910090772683
1997,United States of America,Women,0.270774983060538
1998,United States of America,Women,0.279707336608651
1999,United States of America,Women,0.288634183280549
2000,United States of America,Women,0.297474639784139
2001,United States of America,Women,0.306155906500426
2002,United States of America,Women,0.314584363712379
2003,United States of America,Women,0.322774872541747
2004,United States of America,Women,0.330681501854279
2005,United States of America,Women,0.338332712697342
2006,United States of America,Women,0.345736330870781
2007,United States of America,Women,0.352937608313489
2008,United States of America,Women,0.359911414139159
2009,United States of America,Women,0.366606802205323
2010,United States of America,Women,0.372946326868308
2011,United States of America,Women,0.378956997485417
2012,United States of America,Women,0.384685718318678
2013,United States of America,Women,0.390252431610777
2014,United States of America,Women,0.395726743707479
2015,United States of America,Women,0.401146889809745
2016,United States of America,Women,0.406552745655002
2017,United States of America,Women,0.411912209674189
2018,United States of America,Women,0.417165708617792
2019,United States of America,Women,0.422375734660391
2020,United States of America,Women,0.427616821598407
2021,United States of America,Women,0.432880741204998
2022,United States of America,Women,0.438159972122557
1990,India,Men,0.00485980401639822
1991,India,Men,0.00527165954892068
1992,India,Men,0.00571858115895737
1993,India,Men,0.00620450866509346
1994,India,Men,0.00673563177259176
1995,India,Men,0.00731974696391411
1996,India,Men,0.00796798877813778
1997,India,Men,0.00869043544843215
1998,India,Men,0.00949853466294649
1999,India,Men,0.0103933673393037
2000,India,Men,0.0113732040599795
2001,India,Men,0.0124321225502349
2002,India,Men,0.0135776985250908
2003,India,Men,0.0148081140242119
2004,India,Men,0.0161177392764062
2005,India,Men,0.0175010152242229
2006,India,Men,0.0189615589037932
2007,India,Men,0.0205021195120077
2008,India,Men,0.0221075132695086
2009,India,Men,0.0237574594375233
2010,India,Men,0.0254509143566449
2011,India,Men,0.0271898855389281
2012,India,Men,0.0289980229159034
2013,India,Men,0.0309073729788974
2014,India,Men,0.0329135573162776
2015,India,Men,0.0350687846753548
2016,India,Men,0.0373759095606705
2017,India,Men,0.0398160815104927
2018,India,Men,0.0423666558934094
2019,India,Men,0.0450300738469346
2020,India,Men,0.04781693738695
2021,India,Men,0.0507441635094681
2022,India,Men,0.0538041016973713
1990,United States of America,Men,0.168855347777295
1991,United States of America,Men,0.176716836050668
1992,United States of America,Men,0.184957882427892
1993,United States of America,Men,0.193638562675058
1994,United States of America,Men,0.202779101353609
1995,United States of America,Men,0.212324431935084
1996,United States of America,Men,0.222293963413655
1997,United States of America,Men,0.232592172809974
1998,United States of America,Men,0.243102162748849
1999,United States of America,Men,0.253857470175646
2000,United States of America,Men,0.264865467752259
2001,United States of America,Men,0.27596628259175
2002,United States of America,Men,0.286979309736982
2003,United States of America,Men,0.297774840512866
2004,United States of America,Men,0.308221486875007
2005,United States of America,Men,0.318181852803515
2006,United States of America,Men,0.327567606433024
2007,United States of America,Men,0.336256039724516
2008,United States of America,Men,0.344190871633864
2009,United States of America,Men,0.351249816018022
2010,United States of America,Men,0.357449483395141
2011,United States of America,Men,0.362894546928116
2012,United States of America,Men,0.367784423540868
2013,United States of America,Men,0.372473433917592
2014,United States of America,Men,0.377140978299872
2015,United States of America,Men,0.381892164935766
2016,United States of America,Men,0.386781799839055
2017,United States of America,Men,0.391696675642207
2018,United States of America,Men,0.396570730255373
2019,United States of America,Men,0.401396385364323
2020,United States of America,Men,0.406329113500897
2021,United States of America,Men,0.411315458738763
2022,United States of America,Men,0.416354249097791
